zip,water_bodies,Latitude,Longitude ,month,pan_evo
94561,"Antioch Pump Plant  3, California",38.0049214,-121.805789,Jan,1.17
94561,"Antioch Pump Plant  3, California",38.0049214,-121.805789,Feb,1.99
94561,"Antioch Pump Plant  3, California",38.0049214,-121.805789,Mar,4.25
94561,"Antioch Pump Plant  3, California",38.0049214,-121.805789,Apr,6.27
94561,"Antioch Pump Plant  3, California",38.0049214,-121.805789,May,8.96
94561,"Antioch Pump Plant  3, California",38.0049214,-121.805789,Jun,10.84
94561,"Antioch Pump Plant  3, California",38.0049214,-121.805789,Jul,11.6
94561,"Antioch Pump Plant  3, California",38.0049214,-121.805789,Aug,10.06
94561,"Antioch Pump Plant  3, California",38.0049214,-121.805789,Sep,7.77
94561,"Antioch Pump Plant  3, California",38.0049214,-121.805789,Oct,4.91
94561,"Antioch Pump Plant  3, California",38.0049214,-121.805789,Nov,2.07
94561,"Antioch Pump Plant  3, California",38.0049214,-121.805789,Dec,1.22
94561,"Antioch Pump Plant  3, California",38.0049214,-121.805789,Year,71.11
95603,"Auburn Dam Project, California",38.904359,-121.0557231,Jan,1.42
95603,"Auburn Dam Project, California",38.904359,-121.0557231,Feb,1.89
95603,"Auburn Dam Project, California",38.904359,-121.0557231,Mar,3.13
95603,"Auburn Dam Project, California",38.904359,-121.0557231,Apr,4.89
95603,"Auburn Dam Project, California",38.904359,-121.0557231,May,7.73
95603,"Auburn Dam Project, California",38.904359,-121.0557231,Jun,10.08
95603,"Auburn Dam Project, California",38.904359,-121.0557231,Jul,11.66
95603,"Auburn Dam Project, California",38.904359,-121.0557231,Aug,10.7
95603,"Auburn Dam Project, California",38.904359,-121.0557231,Sep,8.08
95603,"Auburn Dam Project, California",38.904359,-121.0557231,Oct,5
95603,"Auburn Dam Project, California",38.904359,-121.0557231,Nov,1.97
95603,"Auburn Dam Project, California",38.904359,-121.0557231,Dec,1.36
95603,"Auburn Dam Project, California",38.904359,-121.0557231,Year,67.91
93210,"Avenal 9 Sse, California",36.0041223,-120.1290272,Jan,1.8
93210,"Avenal 9 Sse, California",36.0041223,-120.1290272,Feb,2.9
93210,"Avenal 9 Sse, California",36.0041223,-120.1290272,Mar,6.2
93210,"Avenal 9 Sse, California",36.0041223,-120.1290272,Apr,9.39
93210,"Avenal 9 Sse, California",36.0041223,-120.1290272,May,12.96
93210,"Avenal 9 Sse, California",36.0041223,-120.1290272,Jun,16.73
93210,"Avenal 9 Sse, California",36.0041223,-120.1290272,Jul,18.67
93210,"Avenal 9 Sse, California",36.0041223,-120.1290272,Aug,16.37
93210,"Avenal 9 Sse, California",36.0041223,-120.1290272,Sep,12.61
93210,"Avenal 9 Sse, California",36.0041223,-120.1290272,Oct,8.05
93210,"Avenal 9 Sse, California",36.0041223,-120.1290272,Nov,3.89
93210,"Avenal 9 Sse, California",36.0041223,-120.1290272,Dec,2.44
93210,"Avenal 9 Sse, California",36.0041223,-120.1290272,Year,112.01
93505,"Backus Ranch, California",34.9515079,-118.1764478,Jan,2.85
93505,"Backus Ranch, California",34.9515079,-118.1764478,Feb,3.86
93505,"Backus Ranch, California",34.9515079,-118.1764478,Mar,6.77
93505,"Backus Ranch, California",34.9515079,-118.1764478,Apr,9.8
93505,"Backus Ranch, California",34.9515079,-118.1764478,May,12.69
93505,"Backus Ranch, California",34.9515079,-118.1764478,Jun,15.93
93505,"Backus Ranch, California",34.9515079,-118.1764478,Jul,16.92
93505,"Backus Ranch, California",34.9515079,-118.1764478,Aug,15.95
93505,"Backus Ranch, California",34.9515079,-118.1764478,Sep,12.19
93505,"Backus Ranch, California",34.9515079,-118.1764478,Oct,8.01
93505,"Backus Ranch, California",34.9515079,-118.1764478,Nov,4.25
93505,"Backus Ranch, California",34.9515079,-118.1764478,Dec,2.98
93505,"Backus Ranch, California",34.9515079,-118.1764478,Year,112.2
92223,"Beaumont Pumping Plant, California",36.9239098,-120.8283304,Jan,2.9
92223,"Beaumont Pumping Plant, California",36.9239098,-120.8283304,Feb,3.29
92223,"Beaumont Pumping Plant, California",36.9239098,-120.8283304,Mar,4.08
92223,"Beaumont Pumping Plant, California",36.9239098,-120.8283304,Apr,5.03
92223,"Beaumont Pumping Plant, California",36.9239098,-120.8283304,May,6.4
92223,"Beaumont Pumping Plant, California",36.9239098,-120.8283304,Jun,8.15
92223,"Beaumont Pumping Plant, California",36.9239098,-120.8283304,Jul,10.64
92223,"Beaumont Pumping Plant, California",36.9239098,-120.8283304,Aug,9.97
92223,"Beaumont Pumping Plant, California",36.9239098,-120.8283304,Sep,7.9
92223,"Beaumont Pumping Plant, California",36.9239098,-120.8283304,Oct,5.87
92223,"Beaumont Pumping Plant, California",36.9239098,-120.8283304,Nov,3.22
92223,"Beaumont Pumping Plant, California",36.9239098,-120.8283304,Dec,2.9
92223,"Beaumont Pumping Plant, California",36.9239098,-120.8283304,Year,70.35
92223,"Beaumont 1 E, California",33.9294606,-116.977248,Jan,3.1
92223,"Beaumont 1 E, California",33.9294606,-116.977248,Feb,3.73
92223,"Beaumont 1 E, California",33.9294606,-116.977248,Mar,4.99
92223,"Beaumont 1 E, California",33.9294606,-116.977248,Apr,5.23
92223,"Beaumont 1 E, California",33.9294606,-116.977248,May,7.6
92223,"Beaumont 1 E, California",33.9294606,-116.977248,Jun,9.31
92223,"Beaumont 1 E, California",33.9294606,-116.977248,Jul,10.97
92223,"Beaumont 1 E, California",33.9294606,-116.977248,Aug,10.66
92223,"Beaumont 1 E, California",33.9294606,-116.977248,Sep,8.85
92223,"Beaumont 1 E, California",33.9294606,-116.977248,Oct,6.53
92223,"Beaumont 1 E, California",33.9294606,-116.977248,Nov,5.16
92223,"Beaumont 1 E, California",33.9294606,-116.977248,Dec,3.95
92223,"Beaumont 1 E, California",33.9294606,-116.977248,Year,80.08
94558,"Berryessa Lake, California",38.6097407,-122.254045,Jan,1.53
94558,"Berryessa Lake, California",38.6097407,-122.254045,Feb,2.15
94558,"Berryessa Lake, California",38.6097407,-122.254045,Mar,3.79
94558,"Berryessa Lake, California",38.6097407,-122.254045,Apr,5.82
94558,"Berryessa Lake, California",38.6097407,-122.254045,May,8.9
94558,"Berryessa Lake, California",38.6097407,-122.254045,Jun,11
94558,"Berryessa Lake, California",38.6097407,-122.254045,Jul,13.22
94558,"Berryessa Lake, California",38.6097407,-122.254045,Aug,12.06
94558,"Berryessa Lake, California",38.6097407,-122.254045,Sep,8.67
94558,"Berryessa Lake, California",38.6097407,-122.254045,Oct,5.72
94558,"Berryessa Lake, California",38.6097407,-122.254045,Nov,2.48
94558,"Berryessa Lake, California",38.6097407,-122.254045,Dec,1.66
94558,"Berryessa Lake, California",38.6097407,-122.254045,Year,77
96161,"Boca, California",39.387272,-120.089966,Jan,0
96161,"Boca, California",39.387272,-120.089966,Feb,0
96161,"Boca, California",39.387272,-120.089966,Mar,0
96161,"Boca, California",39.387272,-120.089966,Apr,0
96161,"Boca, California",39.387272,-120.089966,May,6.83
96161,"Boca, California",39.387272,-120.089966,Jun,8.52
96161,"Boca, California",39.387272,-120.089966,Jul,10.01
96161,"Boca, California",39.387272,-120.089966,Aug,9.09
96161,"Boca, California",39.387272,-120.089966,Sep,6.48
96161,"Boca, California",39.387272,-120.089966,Oct,4.32
96161,"Boca, California",39.387272,-120.089966,Nov,0
96161,"Boca, California",39.387272,-120.089966,Dec,0
96161,"Boca, California",39.387272,-120.089966,Year,45.25
94571,"Brannan Island, California",38.146584,-121.6480098,Jan,1.15
94571,"Brannan Island, California",38.146584,-121.6480098,Feb,1.74
94571,"Brannan Island, California",38.146584,-121.6480098,Mar,4.36
94571,"Brannan Island, California",38.146584,-121.6480098,Apr,7.03
94571,"Brannan Island, California",38.146584,-121.6480098,May,10.49
94571,"Brannan Island, California",38.146584,-121.6480098,Jun,12.39
94571,"Brannan Island, California",38.146584,-121.6480098,Jul,13.51
94571,"Brannan Island, California",38.146584,-121.6480098,Aug,12.02
94571,"Brannan Island, California",38.146584,-121.6480098,Sep,9.03
94571,"Brannan Island, California",38.146584,-121.6480098,Oct,4.8
94571,"Brannan Island, California",38.146584,-121.6480098,Nov,1.83
94571,"Brannan Island, California",38.146584,-121.6480098,Dec,1.08
94571,"Brannan Island, California",38.146584,-121.6480098,Year,79.43
93105,"Cachuma Lake, California",34.5789534,-119.9480348,Jan,2.44
93105,"Cachuma Lake, California",34.5789534,-119.9480348,Feb,3.53
93105,"Cachuma Lake, California",34.5789534,-119.9480348,Mar,4.41
93105,"Cachuma Lake, California",34.5789534,-119.9480348,Apr,6.01
93105,"Cachuma Lake, California",34.5789534,-119.9480348,May,7.55
93105,"Cachuma Lake, California",34.5789534,-119.9480348,Jun,8.56
93105,"Cachuma Lake, California",34.5789534,-119.9480348,Jul,9.5
93105,"Cachuma Lake, California",34.5789534,-119.9480348,Aug,8.98
93105,"Cachuma Lake, California",34.5789534,-119.9480348,Sep,7
93105,"Cachuma Lake, California",34.5789534,-119.9480348,Oct,5.42
93105,"Cachuma Lake, California",34.5789534,-119.9480348,Nov,3.49
93105,"Cachuma Lake, California",34.5789534,-119.9480348,Dec,2.79
93105,"Cachuma Lake, California",34.5789534,-119.9480348,Year,69.68
95252,"Camp Pardee, California",38.246279,-120.841749,Jan,0.72
95252,"Camp Pardee, California",38.246279,-120.841749,Feb,1.12
95252,"Camp Pardee, California",38.246279,-120.841749,Mar,2.32
95252,"Camp Pardee, California",38.246279,-120.841749,Apr,4.18
95252,"Camp Pardee, California",38.246279,-120.841749,May,7.04
95252,"Camp Pardee, California",38.246279,-120.841749,Jun,9.43
95252,"Camp Pardee, California",38.246279,-120.841749,Jul,11.17
95252,"Camp Pardee, California",38.246279,-120.841749,Aug,9.5
95252,"Camp Pardee, California",38.246279,-120.841749,Sep,6.51
95252,"Camp Pardee, California",38.246279,-120.841749,Oct,3.77
95252,"Camp Pardee, California",38.246279,-120.841749,Nov,1.4
95252,"Camp Pardee, California",38.246279,-120.841749,Dec,0.72
95252,"Camp Pardee, California",38.246279,-120.841749,Year,57.88
95928,"Chico Experiment S Tn, California",39.7284944,-121.8374777,Jan,1.26
95928,"Chico Experiment S Tn, California",39.7284944,-121.8374777,Feb,2.13
95928,"Chico Experiment S Tn, California",39.7284944,-121.8374777,Mar,3.82
95928,"Chico Experiment S Tn, California",39.7284944,-121.8374777,Apr,5.63
95928,"Chico Experiment S Tn, California",39.7284944,-121.8374777,May,8.28
95928,"Chico Experiment S Tn, California",39.7284944,-121.8374777,Jun,10.11
95928,"Chico Experiment S Tn, California",39.7284944,-121.8374777,Jul,11.48
95928,"Chico Experiment S Tn, California",39.7284944,-121.8374777,Aug,9.71
95928,"Chico Experiment S Tn, California",39.7284944,-121.8374777,Sep,7.36
95928,"Chico Experiment S Tn, California",39.7284944,-121.8374777,Oct,4.46
95928,"Chico Experiment S Tn, California",39.7284944,-121.8374777,Nov,2.09
95928,"Chico Experiment S Tn, California",39.7284944,-121.8374777,Dec,1.3
95928,"Chico Experiment S Tn, California",39.7284944,-121.8374777,Year,67.63
91910,"Chula Vista, California",32.6400541,-117.0841955,Jan,2.81
91910,"Chula Vista, California",32.6400541,-117.0841955,Feb,3.45
91910,"Chula Vista, California",32.6400541,-117.0841955,Mar,5.03
91910,"Chula Vista, California",32.6400541,-117.0841955,Apr,6.06
91910,"Chula Vista, California",32.6400541,-117.0841955,May,6.76
91910,"Chula Vista, California",32.6400541,-117.0841955,Jun,6.96
91910,"Chula Vista, California",32.6400541,-117.0841955,Jul,7.63
91910,"Chula Vista, California",32.6400541,-117.0841955,Aug,7.48
91910,"Chula Vista, California",32.6400541,-117.0841955,Sep,6.21
91910,"Chula Vista, California",32.6400541,-117.0841955,Oct,5.02
91910,"Chula Vista, California",32.6400541,-117.0841955,Nov,3.58
91910,"Chula Vista, California",32.6400541,-117.0841955,Dec,2.78
91910,"Chula Vista, California",32.6400541,-117.0841955,Year,63.77
95364,"Cow Creek, California",40.5439236,-122.1805573,Jan,3.21
95364,"Cow Creek, California",40.5439236,-122.1805573,Feb,5.62
95364,"Cow Creek, California",40.5439236,-122.1805573,Mar,9.78
95364,"Cow Creek, California",40.5439236,-122.1805573,Apr,13.98
95364,"Cow Creek, California",40.5439236,-122.1805573,May,17.25
95364,"Cow Creek, California",40.5439236,-122.1805573,Jun,21.37
95364,"Cow Creek, California",40.5439236,-122.1805573,Jul,21.89
95364,"Cow Creek, California",40.5439236,-122.1805573,Aug,20.17
95364,"Cow Creek, California",40.5439236,-122.1805573,Sep,15.36
95364,"Cow Creek, California",40.5439236,-122.1805573,Oct,10.71
95364,"Cow Creek, California",40.5439236,-122.1805573,Nov,4.91
95364,"Cow Creek, California",40.5439236,-122.1805573,Dec,3.85
95364,"Cow Creek, California",40.5439236,-122.1805573,Year,148.1
95616,"Davis 1 Wsw, California",38.5449065,-121.7405167,Jan,1.49
95616,"Davis 1 Wsw, California",38.5449065,-121.7405167,Feb,2.34
95616,"Davis 1 Wsw, California",38.5449065,-121.7405167,Mar,4.54
95616,"Davis 1 Wsw, California",38.5449065,-121.7405167,Apr,7.13
95616,"Davis 1 Wsw, California",38.5449065,-121.7405167,May,10.19
95616,"Davis 1 Wsw, California",38.5449065,-121.7405167,Jun,12.17
95616,"Davis 1 Wsw, California",38.5449065,-121.7405167,Jul,12.77
95616,"Davis 1 Wsw, California",38.5449065,-121.7405167,Aug,11.28
95616,"Davis 1 Wsw, California",38.5449065,-121.7405167,Sep,9.08
95616,"Davis 1 Wsw, California",38.5449065,-121.7405167,Oct,6.35
95616,"Davis 1 Wsw, California",38.5449065,-121.7405167,Nov,2.89
95616,"Davis 1 Wsw, California",38.5449065,-121.7405167,Dec,1.45
95616,"Davis 1 Wsw, California",38.5449065,-121.7405167,Year,81.68
92328,"Death Valley, California",36.5322649,-116.9325408,Jan,3.93
92328,"Death Valley, California",36.5322649,-116.9325408,Feb,5.38
92328,"Death Valley, California",36.5322649,-116.9325408,Mar,9.1
92328,"Death Valley, California",36.5322649,-116.9325408,Apr,13
92328,"Death Valley, California",36.5322649,-116.9325408,May,16.76
92328,"Death Valley, California",36.5322649,-116.9325408,Jun,19.11
92328,"Death Valley, California",36.5322649,-116.9325408,Jul,20.98
92328,"Death Valley, California",36.5322649,-116.9325408,Aug,18.86
92328,"Death Valley, California",36.5322649,-116.9325408,Sep,13.95
92328,"Death Valley, California",36.5322649,-116.9325408,Oct,9.78
92328,"Death Valley, California",36.5322649,-116.9325408,Nov,5.54
92328,"Death Valley, California",36.5322649,-116.9325408,Dec,3.75
92328,"Death Valley, California",36.5322649,-116.9325408,Year,140.14
95039,"Duttons Landing, California",36.778261,-119.4179324,Jan,1.42
95039,"Duttons Landing, California",36.778261,-119.4179324,Feb,2.09
95039,"Duttons Landing, California",36.778261,-119.4179324,Mar,3.87
95039,"Duttons Landing, California",36.778261,-119.4179324,Apr,5.7
95039,"Duttons Landing, California",36.778261,-119.4179324,May,7.74
95039,"Duttons Landing, California",36.778261,-119.4179324,Jun,9.34
95039,"Duttons Landing, California",36.778261,-119.4179324,Jul,9.34
95039,"Duttons Landing, California",36.778261,-119.4179324,Aug,8.27
95039,"Duttons Landing, California",36.778261,-119.4179324,Sep,6.75
95039,"Duttons Landing, California",36.778261,-119.4179324,Oct,4.65
95039,"Duttons Landing, California",36.778261,-119.4179324,Nov,2.25
95039,"Duttons Landing, California",36.778261,-119.4179324,Dec,1.46
95039,"Duttons Landing, California",36.778261,-119.4179324,Year,62.88
96028,"Fall River Mills Intake, California",41.0046076,-121.4383139,Jan,0
96028,"Fall River Mills Intake, California",41.0046076,-121.4383139,Feb,0
96028,"Fall River Mills Intake, California",41.0046076,-121.4383139,Mar,2.47
96028,"Fall River Mills Intake, California",41.0046076,-121.4383139,Apr,5.8
96028,"Fall River Mills Intake, California",41.0046076,-121.4383139,May,7.54
96028,"Fall River Mills Intake, California",41.0046076,-121.4383139,Jun,9.48
96028,"Fall River Mills Intake, California",41.0046076,-121.4383139,Jul,12.14
96028,"Fall River Mills Intake, California",41.0046076,-121.4383139,Aug,10.57
96028,"Fall River Mills Intake, California",41.0046076,-121.4383139,Sep,7.59
96028,"Fall River Mills Intake, California",41.0046076,-121.4383139,Oct,3.78
96028,"Fall River Mills Intake, California",41.0046076,-121.4383139,Nov,1.14
96028,"Fall River Mills Intake, California",41.0046076,-121.4383139,Dec,0
96028,"Fall River Mills Intake, California",41.0046076,-121.4383139,Year,60.51
95536,"Ferndale 2 Nw, California",40.5762406,-124.2639441,Jan,0.7
95536,"Ferndale 2 Nw, California",40.5762406,-124.2639441,Feb,1.17
95536,"Ferndale 2 Nw, California",40.5762406,-124.2639441,Mar,2.26
95536,"Ferndale 2 Nw, California",40.5762406,-124.2639441,Apr,3.21
95536,"Ferndale 2 Nw, California",40.5762406,-124.2639441,May,3.95
95536,"Ferndale 2 Nw, California",40.5762406,-124.2639441,Jun,4.38
95536,"Ferndale 2 Nw, California",40.5762406,-124.2639441,Jul,4.49
95536,"Ferndale 2 Nw, California",40.5762406,-124.2639441,Aug,4.07
95536,"Ferndale 2 Nw, California",40.5762406,-124.2639441,Sep,3.59
95536,"Ferndale 2 Nw, California",40.5762406,-124.2639441,Oct,2.06
95536,"Ferndale 2 Nw, California",40.5762406,-124.2639441,Nov,1.04
95536,"Ferndale 2 Nw, California",40.5762406,-124.2639441,Dec,0.72
95536,"Ferndale 2 Nw, California",40.5762406,-124.2639441,Year,31.64
95630,"Folsom Dam, California",38.7075656,-121.1567867,Jan,0.92
95630,"Folsom Dam, California",38.7075656,-121.1567867,Feb,1.9
95630,"Folsom Dam, California",38.7075656,-121.1567867,Mar,3.47
95630,"Folsom Dam, California",38.7075656,-121.1567867,Apr,5.21
95630,"Folsom Dam, California",38.7075656,-121.1567867,May,8.07
95630,"Folsom Dam, California",38.7075656,-121.1567867,Jun,9.91
95630,"Folsom Dam, California",38.7075656,-121.1567867,Jul,11.12
95630,"Folsom Dam, California",38.7075656,-121.1567867,Aug,9.93
95630,"Folsom Dam, California",38.7075656,-121.1567867,Sep,7.45
95630,"Folsom Dam, California",38.7075656,-121.1567867,Oct,4.89
95630,"Folsom Dam, California",38.7075656,-121.1567867,Nov,2.06
95630,"Folsom Dam, California",38.7075656,-121.1567867,Dec,1.25
95630,"Folsom Dam, California",38.7075656,-121.1567867,Year,66.18
93626,"Friant Government Camp, California",36.9877274,-119.7118118,Jan,1.46
93626,"Friant Government Camp, California",36.9877274,-119.7118118,Feb,2.12
93626,"Friant Government Camp, California",36.9877274,-119.7118118,Mar,3.82
93626,"Friant Government Camp, California",36.9877274,-119.7118118,Apr,5.89
93626,"Friant Government Camp, California",36.9877274,-119.7118118,May,9.42
93626,"Friant Government Camp, California",36.9877274,-119.7118118,Jun,12.07
93626,"Friant Government Camp, California",36.9877274,-119.7118118,Jul,13.96
93626,"Friant Government Camp, California",36.9877274,-119.7118118,Aug,12.47
93626,"Friant Government Camp, California",36.9877274,-119.7118118,Sep,9
93626,"Friant Government Camp, California",36.9877274,-119.7118118,Oct,5.76
93626,"Friant Government Camp, California",36.9877274,-119.7118118,Nov,2.61
93626,"Friant Government Camp, California",36.9877274,-119.7118118,Dec,1.37
93626,"Friant Government Camp, California",36.9877274,-119.7118118,Year,79.95
94585,"Grizzly Island Refuge, California",38.1551766,-121.975662,Jan,1.45
94585,"Grizzly Island Refuge, California",38.1551766,-121.975662,Feb,2.25
94585,"Grizzly Island Refuge, California",38.1551766,-121.975662,Mar,4
94585,"Grizzly Island Refuge, California",38.1551766,-121.975662,Apr,5.72
94585,"Grizzly Island Refuge, California",38.1551766,-121.975662,May,8.07
94585,"Grizzly Island Refuge, California",38.1551766,-121.975662,Jun,9.82
94585,"Grizzly Island Refuge, California",38.1551766,-121.975662,Jul,10.69
94585,"Grizzly Island Refuge, California",38.1551766,-121.975662,Aug,8.93
94585,"Grizzly Island Refuge, California",38.1551766,-121.975662,Sep,6.88
94585,"Grizzly Island Refuge, California",38.1551766,-121.975662,Oct,4.33
94585,"Grizzly Island Refuge, California",38.1551766,-121.975662,Nov,2.1
94585,"Grizzly Island Refuge, California",38.1551766,-121.975662,Dec,1.55
94585,"Grizzly Island Refuge, California",38.1551766,-121.975662,Year,65.79
95321,"Hetch Hetchy, California",37.9491204,-119.7339171,Jan,0
95321,"Hetch Hetchy, California",37.9491204,-119.7339171,Feb,0
95321,"Hetch Hetchy, California",37.9491204,-119.7339171,Mar,0
95321,"Hetch Hetchy, California",37.9491204,-119.7339171,Apr,3.84
95321,"Hetch Hetchy, California",37.9491204,-119.7339171,May,5.31
95321,"Hetch Hetchy, California",37.9491204,-119.7339171,Jun,7.34
95321,"Hetch Hetchy, California",37.9491204,-119.7339171,Jul,8.78
95321,"Hetch Hetchy, California",37.9491204,-119.7339171,Aug,7.86
95321,"Hetch Hetchy, California",37.9491204,-119.7339171,Sep,5.85
95321,"Hetch Hetchy, California",37.9491204,-119.7339171,Oct,3.23
95321,"Hetch Hetchy, California",37.9491204,-119.7339171,Nov,1.74
95321,"Hetch Hetchy, California",37.9491204,-119.7339171,Dec,0
95321,"Hetch Hetchy, California",37.9491204,-119.7339171,Year,43.95
92201,"Indio Fire Station, California",33.7080968,-116.2161347,Jan,2.85
92201,"Indio Fire Station, California",33.7080968,-116.2161347,Feb,4.38
92201,"Indio Fire Station, California",33.7080968,-116.2161347,Mar,7.15
92201,"Indio Fire Station, California",33.7080968,-116.2161347,Apr,9.98
92201,"Indio Fire Station, California",33.7080968,-116.2161347,May,12.73
92201,"Indio Fire Station, California",33.7080968,-116.2161347,Jun,14.85
92201,"Indio Fire Station, California",33.7080968,-116.2161347,Jul,14.95
92201,"Indio Fire Station, California",33.7080968,-116.2161347,Aug,13.59
92201,"Indio Fire Station, California",33.7080968,-116.2161347,Sep,10.8
92201,"Indio Fire Station, California",33.7080968,-116.2161347,Oct,7.6
92201,"Indio Fire Station, California",33.7080968,-116.2161347,Nov,3.98
92201,"Indio Fire Station, California",33.7080968,-116.2161347,Dec,2.49
92201,"Indio Fire Station, California",33.7080968,-116.2161347,Year,105.35
93239,"Kettleman City 1 Ssw, California",36.0082864,-119.9617998,Jan,1.73
93239,"Kettleman City 1 Ssw, California",36.0082864,-119.9617998,Feb,2.99
93239,"Kettleman City 1 Ssw, California",36.0082864,-119.9617998,Mar,5.8
93239,"Kettleman City 1 Ssw, California",36.0082864,-119.9617998,Apr,8.32
93239,"Kettleman City 1 Ssw, California",36.0082864,-119.9617998,May,11.75
93239,"Kettleman City 1 Ssw, California",36.0082864,-119.9617998,Jun,14.27
93239,"Kettleman City 1 Ssw, California",36.0082864,-119.9617998,Jul,16.11
93239,"Kettleman City 1 Ssw, California",36.0082864,-119.9617998,Aug,14.74
93239,"Kettleman City 1 Ssw, California",36.0082864,-119.9617998,Sep,10.82
93239,"Kettleman City 1 Ssw, California",36.0082864,-119.9617998,Oct,7.3
93239,"Kettleman City 1 Ssw, California",36.0082864,-119.9617998,Nov,3.46
93239,"Kettleman City 1 Ssw, California",36.0082864,-119.9617998,Dec,1.74
93239,"Kettleman City 1 Ssw, California",36.0082864,-119.9617998,Year,99.03
95361,"Knights Ferry 2 Ese, California",37.8196499,-120.6721494,Jan,1
95361,"Knights Ferry 2 Ese, California",37.8196499,-120.6721494,Feb,1.69
95361,"Knights Ferry 2 Ese, California",37.8196499,-120.6721494,Mar,3.14
95361,"Knights Ferry 2 Ese, California",37.8196499,-120.6721494,Apr,5.65
95361,"Knights Ferry 2 Ese, California",37.8196499,-120.6721494,May,8.54
95361,"Knights Ferry 2 Ese, California",37.8196499,-120.6721494,Jun,10.14
95361,"Knights Ferry 2 Ese, California",37.8196499,-120.6721494,Jul,11.6
95361,"Knights Ferry 2 Ese, California",37.8196499,-120.6721494,Aug,10.31
95361,"Knights Ferry 2 Ese, California",37.8196499,-120.6721494,Sep,7.74
95361,"Knights Ferry 2 Ese, California",37.8196499,-120.6721494,Oct,4.62
95361,"Knights Ferry 2 Ese, California",37.8196499,-120.6721494,Nov,2.69
95361,"Knights Ferry 2 Ese, California",37.8196499,-120.6721494,Dec,1
95361,"Knights Ferry 2 Ese, California",37.8196499,-120.6721494,Year,68.12
95469,"Lake Pillsbury 2, California",39.4219077,-122.9522179,Jan,0.58
95469,"Lake Pillsbury 2, California",39.4219077,-122.9522179,Feb,1.42
95469,"Lake Pillsbury 2, California",39.4219077,-122.9522179,Mar,3.01
95469,"Lake Pillsbury 2, California",39.4219077,-122.9522179,Apr,4.62
95469,"Lake Pillsbury 2, California",39.4219077,-122.9522179,May,7.41
95469,"Lake Pillsbury 2, California",39.4219077,-122.9522179,Jun,8.38
95469,"Lake Pillsbury 2, California",39.4219077,-122.9522179,Jul,10.31
95469,"Lake Pillsbury 2, California",39.4219077,-122.9522179,Aug,9.35
95469,"Lake Pillsbury 2, California",39.4219077,-122.9522179,Sep,6.93
95469,"Lake Pillsbury 2, California",39.4219077,-122.9522179,Oct,3.61
95469,"Lake Pillsbury 2, California",39.4219077,-122.9522179,Nov,1.19
95469,"Lake Pillsbury 2, California",39.4219077,-122.9522179,Dec,0.87
95469,"Lake Pillsbury 2, California",39.4219077,-122.9522179,Year,57.68
92604,"Lakeshore 2, California",33.6818808,-117.7911544,Jan,1.09
92604,"Lakeshore 2, California",33.6818808,-117.7911544,Feb,1.68
92604,"Lakeshore 2, California",33.6818808,-117.7911544,Mar,2.97
92604,"Lakeshore 2, California",33.6818808,-117.7911544,Apr,4.78
92604,"Lakeshore 2, California",33.6818808,-117.7911544,May,6.15
92604,"Lakeshore 2, California",33.6818808,-117.7911544,Jun,7.43
92604,"Lakeshore 2, California",33.6818808,-117.7911544,Jul,9.71
92604,"Lakeshore 2, California",33.6818808,-117.7911544,Aug,8.79
92604,"Lakeshore 2, California",33.6818808,-117.7911544,Sep,6.44
92604,"Lakeshore 2, California",33.6818808,-117.7911544,Oct,3.4
92604,"Lakeshore 2, California",33.6818808,-117.7911544,Nov,1.41
92604,"Lakeshore 2, California",33.6818808,-117.7911544,Dec,0.95
92604,"Lakeshore 2, California",33.6818808,-117.7911544,Year,54.8
95694,"Lake Solano, California",38.4912635,-122.0105748,Jan,1.48
95694,"Lake Solano, California",38.4912635,-122.0105748,Feb,2.37
95694,"Lake Solano, California",38.4912635,-122.0105748,Mar,4.28
95694,"Lake Solano, California",38.4912635,-122.0105748,Apr,6.66
95694,"Lake Solano, California",38.4912635,-122.0105748,May,9.24
95694,"Lake Solano, California",38.4912635,-122.0105748,Jun,11.24
95694,"Lake Solano, California",38.4912635,-122.0105748,Jul,11.53
95694,"Lake Solano, California",38.4912635,-122.0105748,Aug,9.86
95694,"Lake Solano, California",38.4912635,-122.0105748,Sep,7.58
95694,"Lake Solano, California",38.4912635,-122.0105748,Oct,5.26
95694,"Lake Solano, California",38.4912635,-122.0105748,Nov,2.59
95694,"Lake Solano, California",38.4912635,-122.0105748,Dec,1.67
95694,"Lake Solano, California",38.4912635,-122.0105748,Year,73.76
95959,"Lake Spaulding, California",39.3384795,-120.6286186,Jan,0
95959,"Lake Spaulding, California",39.3384795,-120.6286186,Feb,0
95959,"Lake Spaulding, California",39.3384795,-120.6286186,Mar,0
95959,"Lake Spaulding, California",39.3384795,-120.6286186,Apr,0
95959,"Lake Spaulding, California",39.3384795,-120.6286186,May,4.57
95959,"Lake Spaulding, California",39.3384795,-120.6286186,Jun,6.52
95959,"Lake Spaulding, California",39.3384795,-120.6286186,Jul,8.16
95959,"Lake Spaulding, California",39.3384795,-120.6286186,Aug,6.78
95959,"Lake Spaulding, California",39.3384795,-120.6286186,Sep,4.54
95959,"Lake Spaulding, California",39.3384795,-120.6286186,Oct,1.98
95959,"Lake Spaulding, California",39.3384795,-120.6286186,Nov,0
95959,"Lake Spaulding, California",39.3384795,-120.6286186,Dec,0
95959,"Lake Spaulding, California",39.3384795,-120.6286186,Year,32.55
95959,"Lake Spaulding Dam, California",39.3265676,-120.6427117,Jan,0
95959,"Lake Spaulding Dam, California",39.3265676,-120.6427117,Feb,0
95959,"Lake Spaulding Dam, California",39.3265676,-120.6427117,Mar,0
95959,"Lake Spaulding Dam, California",39.3265676,-120.6427117,Apr,0
95959,"Lake Spaulding Dam, California",39.3265676,-120.6427117,May,7.2
95959,"Lake Spaulding Dam, California",39.3265676,-120.6427117,Jun,9.98
95959,"Lake Spaulding Dam, California",39.3265676,-120.6427117,Jul,12.38
95959,"Lake Spaulding Dam, California",39.3265676,-120.6427117,Aug,11.85
95959,"Lake Spaulding Dam, California",39.3265676,-120.6427117,Sep,8.94
95959,"Lake Spaulding Dam, California",39.3265676,-120.6427117,Oct,6.64
95959,"Lake Spaulding Dam, California",39.3265676,-120.6427117,Nov,0
95959,"Lake Spaulding Dam, California",39.3265676,-120.6427117,Dec,0
95959,"Lake Spaulding Dam, California",39.3265676,-120.6427117,Year,56.99
95959,"Little Panoche Detdam, California",36.6924678,-120.8554199,Jan,1.77
95959,"Little Panoche Detdam, California",36.6924678,-120.8554199,Feb,2.89
95959,"Little Panoche Detdam, California",36.6924678,-120.8554199,Mar,5.87
95959,"Little Panoche Detdam, California",36.6924678,-120.8554199,Apr,9.39
95959,"Little Panoche Detdam, California",36.6924678,-120.8554199,May,14.56
95959,"Little Panoche Detdam, California",36.6924678,-120.8554199,Jun,16.31
95959,"Little Panoche Detdam, California",36.6924678,-120.8554199,Jul,18.45
95959,"Little Panoche Detdam, California",36.6924678,-120.8554199,Aug,16.63
95959,"Little Panoche Detdam, California",36.6924678,-120.8554199,Sep,12.46
95959,"Little Panoche Detdam, California",36.6924678,-120.8554199,Oct,7.6
95959,"Little Panoche Detdam, California",36.6924678,-120.8554199,Nov,3.04
95959,"Little Panoche Detdam, California",36.6924678,-120.8554199,Dec,1.78
95959,"Little Panoche Detdam, California",36.6924678,-120.8554199,Year,110.75
95242,"Lodi, California",38.1341477,-121.2722194,Jan,1.19
95242,"Lodi, California",38.1341477,-121.2722194,Feb,1.95
95242,"Lodi, California",38.1341477,-121.2722194,Mar,3.82
95242,"Lodi, California",38.1341477,-121.2722194,Apr,6.01
95242,"Lodi, California",38.1341477,-121.2722194,May,8.6
95242,"Lodi, California",38.1341477,-121.2722194,Jun,9.92
95242,"Lodi, California",38.1341477,-121.2722194,Jul,10.63
95242,"Lodi, California",38.1341477,-121.2722194,Aug,9.11
95242,"Lodi, California",38.1341477,-121.2722194,Sep,6.68
95242,"Lodi, California",38.1341477,-121.2722194,Oct,4.08
95242,"Lodi, California",38.1341477,-121.2722194,Nov,1.86
95242,"Lodi, California",38.1341477,-121.2722194,Dec,1.07
95242,"Lodi, California",38.1341477,-121.2722194,Year,64.92
93635,"Los Banos Det Resv, California",37.0582786,-120.8499151,Jan,1.57
93635,"Los Banos Det Resv, California",37.0582786,-120.8499151,Feb,2.71
93635,"Los Banos Det Resv, California",37.0582786,-120.8499151,Mar,5.44
93635,"Los Banos Det Resv, California",37.0582786,-120.8499151,Apr,9.34
93635,"Los Banos Det Resv, California",37.0582786,-120.8499151,May,14.18
93635,"Los Banos Det Resv, California",37.0582786,-120.8499151,Jun,16.58
93635,"Los Banos Det Resv, California",37.0582786,-120.8499151,Jul,17.85
93635,"Los Banos Det Resv, California",37.0582786,-120.8499151,Aug,15.63
93635,"Los Banos Det Resv, California",37.0582786,-120.8499151,Sep,11.87
93635,"Los Banos Det Resv, California",37.0582786,-120.8499151,Oct,7.49
93635,"Los Banos Det Resv, California",37.0582786,-120.8499151,Nov,3.34
93635,"Los Banos Det Resv, California",37.0582786,-120.8499151,Dec,1.82
93635,"Los Banos Det Resv, California",37.0582786,-120.8499151,Year,107.82
95219,"Mandeville Island, California",38.0346435,-121.5488411,Jan,1.1
95219,"Mandeville Island, California",38.0346435,-121.5488411,Feb,2.38
95219,"Mandeville Island, California",38.0346435,-121.5488411,Mar,4.77
95219,"Mandeville Island, California",38.0346435,-121.5488411,Apr,6.95
95219,"Mandeville Island, California",38.0346435,-121.5488411,May,8.55
95219,"Mandeville Island, California",38.0346435,-121.5488411,Jun,10.44
95219,"Mandeville Island, California",38.0346435,-121.5488411,Jul,11.22
95219,"Mandeville Island, California",38.0346435,-121.5488411,Aug,9.71
95219,"Mandeville Island, California",38.0346435,-121.5488411,Sep,7.41
95219,"Mandeville Island, California",38.0346435,-121.5488411,Oct,5.12
95219,"Mandeville Island, California",38.0346435,-121.5488411,Nov,2.47
95219,"Mandeville Island, California",38.0346435,-121.5488411,Dec,1.13
95219,"Mandeville Island, California",38.0346435,-121.5488411,Year,71.25
95336,"Manteca, California",37.7974273,-121.2160526,Jan,1.2
95336,"Manteca, California",37.7974273,-121.2160526,Feb,1.71
95336,"Manteca, California",37.7974273,-121.2160526,Mar,4.04
95336,"Manteca, California",37.7974273,-121.2160526,Apr,6.33
95336,"Manteca, California",37.7974273,-121.2160526,May,9.24
95336,"Manteca, California",37.7974273,-121.2160526,Jun,10.53
95336,"Manteca, California",37.7974273,-121.2160526,Jul,11.64
95336,"Manteca, California",37.7974273,-121.2160526,Aug,10.22
95336,"Manteca, California",37.7974273,-121.2160526,Sep,7.19
95336,"Manteca, California",37.7974273,-121.2160526,Oct,4.13
95336,"Manteca, California",37.7974273,-121.2160526,Nov,1.78
95336,"Manteca, California",37.7974273,-121.2160526,Dec,1.16
95336,"Manteca, California",37.7974273,-121.2160526,Year,69.17
94558,"Markley Cove, California",38.492424,-122.126293,Jan,1.03
94558,"Markley Cove, California",38.492424,-122.126293,Feb,1.51
94558,"Markley Cove, California",38.492424,-122.126293,Mar,3.03
94558,"Markley Cove, California",38.492424,-122.126293,Apr,4.8
94558,"Markley Cove, California",38.492424,-122.126293,May,7.33
94558,"Markley Cove, California",38.492424,-122.126293,Jun,9.6
94558,"Markley Cove, California",38.492424,-122.126293,Jul,10.82
94558,"Markley Cove, California",38.492424,-122.126293,Aug,9.45
94558,"Markley Cove, California",38.492424,-122.126293,Sep,6.99
94558,"Markley Cove, California",38.492424,-122.126293,Oct,4.35
94558,"Markley Cove, California",38.492424,-122.126293,Nov,1.75
94558,"Markley Cove, California",38.492424,-122.126293,Dec,1.01
94558,"Markley Cove, California",38.492424,-122.126293,Year,61.67
93501,"Mojave, California",35.0524699,-118.1739645,Jan,0
93501,"Mojave, California",35.0524699,-118.1739645,Feb,4.65
93501,"Mojave, California",35.0524699,-118.1739645,Mar,6.45
93501,"Mojave, California",35.0524699,-118.1739645,Apr,9.97
93501,"Mojave, California",35.0524699,-118.1739645,May,13.59
93501,"Mojave, California",35.0524699,-118.1739645,Jun,15.33
93501,"Mojave, California",35.0524699,-118.1739645,Jul,17.21
93501,"Mojave, California",35.0524699,-118.1739645,Aug,16
93501,"Mojave, California",35.0524699,-118.1739645,Sep,11.83
93501,"Mojave, California",35.0524699,-118.1739645,Oct,8.28
93501,"Mojave, California",35.0524699,-118.1739645,Nov,4.76
93501,"Mojave, California",35.0524699,-118.1739645,Dec,3.52
93501,"Mojave, California",35.0524699,-118.1739645,Year,111.59
94558,"Monticello Dam, California",38.5135183,-122.1038609,Jan,1.02
94558,"Monticello Dam, California",38.5135183,-122.1038609,Feb,1.83
94558,"Monticello Dam, California",38.5135183,-122.1038609,Mar,3.24
94558,"Monticello Dam, California",38.5135183,-122.1038609,Apr,4.96
94558,"Monticello Dam, California",38.5135183,-122.1038609,May,7.35
94558,"Monticello Dam, California",38.5135183,-122.1038609,Jun,9.36
94558,"Monticello Dam, California",38.5135183,-122.1038609,Jul,11.2
94558,"Monticello Dam, California",38.5135183,-122.1038609,Aug,10.07
94558,"Monticello Dam, California",38.5135183,-122.1038609,Sep,7.56
94558,"Monticello Dam, California",38.5135183,-122.1038609,Oct,4.82
94558,"Monticello Dam, California",38.5135183,-122.1038609,Nov,1.98
94558,"Monticello Dam, California",38.5135183,-122.1038609,Dec,1.08
94558,"Monticello Dam, California",38.5135183,-122.1038609,Year,64.47
93446,"Nacimiento Dam, California",35.7585792,-120.8849042,Jan,1.58
93446,"Nacimiento Dam, California",35.7585792,-120.8849042,Feb,2.2
93446,"Nacimiento Dam, California",35.7585792,-120.8849042,Mar,3.92
93446,"Nacimiento Dam, California",35.7585792,-120.8849042,Apr,5.53
93446,"Nacimiento Dam, California",35.7585792,-120.8849042,May,7.92
93446,"Nacimiento Dam, California",35.7585792,-120.8849042,Jun,9.85
93446,"Nacimiento Dam, California",35.7585792,-120.8849042,Jul,11.28
93446,"Nacimiento Dam, California",35.7585792,-120.8849042,Aug,10.43
93446,"Nacimiento Dam, California",35.7585792,-120.8849042,Sep,7.76
93446,"Nacimiento Dam, California",35.7585792,-120.8849042,Oct,5.16
93446,"Nacimiento Dam, California",35.7585792,-120.8849042,Nov,2.57
93446,"Nacimiento Dam, California",35.7585792,-120.8849042,Dec,1.66
93446,"Nacimiento Dam, California",35.7585792,-120.8849042,Year,69.86
94560,"Newark, California",37.5299765,-122.0383968,Jan,1.71
94560,"Newark, California",37.5299765,-122.0383968,Feb,2.15
94560,"Newark, California",37.5299765,-122.0383968,Mar,4.16
94560,"Newark, California",37.5299765,-122.0383968,Apr,5.76
94560,"Newark, California",37.5299765,-122.0383968,May,7.77
94560,"Newark, California",37.5299765,-122.0383968,Jun,8.64
94560,"Newark, California",37.5299765,-122.0383968,Jul,9.04
94560,"Newark, California",37.5299765,-122.0383968,Aug,8
94560,"Newark, California",37.5299765,-122.0383968,Sep,6.64
94560,"Newark, California",37.5299765,-122.0383968,Oct,4.52
94560,"Newark, California",37.5299765,-122.0383968,Nov,2.36
94560,"Newark, California",37.5299765,-122.0383968,Dec,1.55
94560,"Newark, California",37.5299765,-122.0383968,Year,62.3
95222,"New Melones Dam, California",37.9879337,-120.5354809,Jan,1.34
95222,"New Melones Dam, California",37.9879337,-120.5354809,Feb,2.25
95222,"New Melones Dam, California",37.9879337,-120.5354809,Mar,3.56
95222,"New Melones Dam, California",37.9879337,-120.5354809,Apr,5.93
95222,"New Melones Dam, California",37.9879337,-120.5354809,May,9.16
95222,"New Melones Dam, California",37.9879337,-120.5354809,Jun,11.85
95222,"New Melones Dam, California",37.9879337,-120.5354809,Jul,13.73
95222,"New Melones Dam, California",37.9879337,-120.5354809,Aug,12.29
95222,"New Melones Dam, California",37.9879337,-120.5354809,Sep,8.86
95222,"New Melones Dam, California",37.9879337,-120.5354809,Oct,5.75
95222,"New Melones Dam, California",37.9879337,-120.5354809,Nov,2.37
95222,"New Melones Dam, California",37.9879337,-120.5354809,Dec,1.28
95222,"New Melones Dam, California",37.9879337,-120.5354809,Year,78.37
95222,"New Melones Dam Hq, California",37.9879337,-120.5354809,Jan,1.3
95222,"New Melones Dam Hq, California",37.9879337,-120.5354809,Feb,1.83
95222,"New Melones Dam Hq, California",37.9879337,-120.5354809,Mar,3.46
95222,"New Melones Dam Hq, California",37.9879337,-120.5354809,Apr,5.25
95222,"New Melones Dam Hq, California",37.9879337,-120.5354809,May,7.94
95222,"New Melones Dam Hq, California",37.9879337,-120.5354809,Jun,10.23
95222,"New Melones Dam Hq, California",37.9879337,-120.5354809,Jul,12.23
95222,"New Melones Dam Hq, California",37.9879337,-120.5354809,Aug,11.72
95222,"New Melones Dam Hq, California",37.9879337,-120.5354809,Sep,8.71
95222,"New Melones Dam Hq, California",37.9879337,-120.5354809,Oct,5.52
95222,"New Melones Dam Hq, California",37.9879337,-120.5354809,Nov,2.23
95222,"New Melones Dam Hq, California",37.9879337,-120.5354809,Dec,1.19
95222,"New Melones Dam Hq, California",37.9879337,-120.5354809,Year,71.61
95361,"Oakdale Woodward Dam, California",37.8540377,-120.8699908,Jan,1.03
95361,"Oakdale Woodward Dam, California",37.8540377,-120.8699908,Feb,1.72
95361,"Oakdale Woodward Dam, California",37.8540377,-120.8699908,Mar,3.42
95361,"Oakdale Woodward Dam, California",37.8540377,-120.8699908,Apr,5.47
95361,"Oakdale Woodward Dam, California",37.8540377,-120.8699908,May,8.95
95361,"Oakdale Woodward Dam, California",37.8540377,-120.8699908,Jun,11.88
95361,"Oakdale Woodward Dam, California",37.8540377,-120.8699908,Jul,14.23
95361,"Oakdale Woodward Dam, California",37.8540377,-120.8699908,Aug,12.22
95361,"Oakdale Woodward Dam, California",37.8540377,-120.8699908,Sep,8.53
95361,"Oakdale Woodward Dam, California",37.8540377,-120.8699908,Oct,5.52
95361,"Oakdale Woodward Dam, California",37.8540377,-120.8699908,Nov,2.1
95361,"Oakdale Woodward Dam, California",37.8540377,-120.8699908,Dec,1.02
95361,"Oakdale Woodward Dam, California",37.8540377,-120.8699908,Year,76.09
95667,"Placerville Ifg, California",38.7296252,-120.798546,Jan,1.53
95667,"Placerville Ifg, California",38.7296252,-120.798546,Feb,1.67
95667,"Placerville Ifg, California",38.7296252,-120.798546,Mar,2.72
95667,"Placerville Ifg, California",38.7296252,-120.798546,Apr,3.98
95667,"Placerville Ifg, California",38.7296252,-120.798546,May,5.84
95667,"Placerville Ifg, California",38.7296252,-120.798546,Jun,7.79
95667,"Placerville Ifg, California",38.7296252,-120.798546,Jul,9.41
95667,"Placerville Ifg, California",38.7296252,-120.798546,Aug,8.45
95667,"Placerville Ifg, California",38.7296252,-120.798546,Sep,6.62
95667,"Placerville Ifg, California",38.7296252,-120.798546,Oct,3.93
95667,"Placerville Ifg, California",38.7296252,-120.798546,Nov,1.87
95667,"Placerville Ifg, California",38.7296252,-120.798546,Dec,1.51
95667,"Placerville Ifg, California",38.7296252,-120.798546,Year,55.32
92501,"Riverside Citrus Exp St, California",33.9806005,-117.3754942,Jan,3.32
92501,"Riverside Citrus Exp St, California",33.9806005,-117.3754942,Feb,3.59
92501,"Riverside Citrus Exp St, California",33.9806005,-117.3754942,Mar,4.86
92501,"Riverside Citrus Exp St, California",33.9806005,-117.3754942,Apr,6.28
92501,"Riverside Citrus Exp St, California",33.9806005,-117.3754942,May,7.33
92501,"Riverside Citrus Exp St, California",33.9806005,-117.3754942,Jun,8.59
92501,"Riverside Citrus Exp St, California",33.9806005,-117.3754942,Jul,10.88
92501,"Riverside Citrus Exp St, California",33.9806005,-117.3754942,Aug,10.28
92501,"Riverside Citrus Exp St, California",33.9806005,-117.3754942,Sep,7.84
92501,"Riverside Citrus Exp St, California",33.9806005,-117.3754942,Oct,5.85
92501,"Riverside Citrus Exp St, California",33.9806005,-117.3754942,Nov,3.81
92501,"Riverside Citrus Exp St, California",33.9806005,-117.3754942,Dec,3.03
92501,"Riverside Citrus Exp St, California",33.9806005,-117.3754942,Year,75.66
92328,"Salt Springs Pwr House, California",38.028229,-120.762066,Jan,1.84
92328,"Salt Springs Pwr House, California",38.028229,-120.762066,Feb,2.47
92328,"Salt Springs Pwr House, California",38.028229,-120.762066,Mar,3.27
92328,"Salt Springs Pwr House, California",38.028229,-120.762066,Apr,4.86
92328,"Salt Springs Pwr House, California",38.028229,-120.762066,May,6.49
92328,"Salt Springs Pwr House, California",38.028229,-120.762066,Jun,7.92
92328,"Salt Springs Pwr House, California",38.028229,-120.762066,Jul,10.3
92328,"Salt Springs Pwr House, California",38.028229,-120.762066,Aug,9.95
92328,"Salt Springs Pwr House, California",38.028229,-120.762066,Sep,7.89
92328,"Salt Springs Pwr House, California",38.028229,-120.762066,Oct,5.18
92328,"Salt Springs Pwr House, California",38.028229,-120.762066,Nov,2.68
92328,"Salt Springs Pwr House, California",38.028229,-120.762066,Dec,2.26
92328,"Salt Springs Pwr House, California",38.028229,-120.762066,Year,65.11
95354,"San Luis Dam, California",37.056069,-121.1137544,Jan,1.41
95354,"San Luis Dam, California",37.056069,-121.1137544,Feb,2.49
95354,"San Luis Dam, California",37.056069,-121.1137544,Mar,5.31
95354,"San Luis Dam, California",37.056069,-121.1137544,Apr,8.67
95354,"San Luis Dam, California",37.056069,-121.1137544,May,13.14
95354,"San Luis Dam, California",37.056069,-121.1137544,Jun,15.75
95354,"San Luis Dam, California",37.056069,-121.1137544,Jul,18.38
95354,"San Luis Dam, California",37.056069,-121.1137544,Aug,16.68
95354,"San Luis Dam, California",37.056069,-121.1137544,Sep,12.01
95354,"San Luis Dam, California",37.056069,-121.1137544,Oct,7.42
95354,"San Luis Dam, California",37.056069,-121.1137544,Nov,3.02
95354,"San Luis Dam, California",37.056069,-121.1137544,Dec,1.56
95354,"San Luis Dam, California",37.056069,-121.1137544,Year,105.84
96019,"Shasta Dam, California",40.7185636,-122.4192342,Jan,1.5
96019,"Shasta Dam, California",40.7185636,-122.4192342,Feb,2.08
96019,"Shasta Dam, California",40.7185636,-122.4192342,Mar,3.17
96019,"Shasta Dam, California",40.7185636,-122.4192342,Apr,5.05
96019,"Shasta Dam, California",40.7185636,-122.4192342,May,7.28
96019,"Shasta Dam, California",40.7185636,-122.4192342,Jun,9.18
96019,"Shasta Dam, California",40.7185636,-122.4192342,Jul,11.36
96019,"Shasta Dam, California",40.7185636,-122.4192342,Aug,10.36
96019,"Shasta Dam, California",40.7185636,-122.4192342,Sep,7.55
96019,"Shasta Dam, California",40.7185636,-122.4192342,Oct,4.85
96019,"Shasta Dam, California",40.7185636,-122.4192342,Nov,2.29
96019,"Shasta Dam, California",40.7185636,-122.4192342,Dec,1.63
96019,"Shasta Dam, California",40.7185636,-122.4192342,Year,66.3
95202,"Stockton Mowry Bridge, California",37.9577016,-121.2907796,Jan,0.72
95202,"Stockton Mowry Bridge, California",37.9577016,-121.2907796,Feb,1.58
95202,"Stockton Mowry Bridge, California",37.9577016,-121.2907796,Mar,3.87
95202,"Stockton Mowry Bridge, California",37.9577016,-121.2907796,Apr,5.97
95202,"Stockton Mowry Bridge, California",37.9577016,-121.2907796,May,8.47
95202,"Stockton Mowry Bridge, California",37.9577016,-121.2907796,Jun,10.95
95202,"Stockton Mowry Bridge, California",37.9577016,-121.2907796,Jul,10.82
95202,"Stockton Mowry Bridge, California",37.9577016,-121.2907796,Aug,9.56
95202,"Stockton Mowry Bridge, California",37.9577016,-121.2907796,Sep,6.6
95202,"Stockton Mowry Bridge, California",37.9577016,-121.2907796,Oct,3.93
95202,"Stockton Mowry Bridge, California",37.9577016,-121.2907796,Nov,1.7
95202,"Stockton Mowry Bridge, California",37.9577016,-121.2907796,Dec,0.74
95202,"Stockton Mowry Bridge, California",37.9577016,-121.2907796,Year,64.91
95678,"Tahoe, California",39.0968493,-120.0323507,Jan,0
95678,"Tahoe, California",39.0968493,-120.0323507,Feb,0
95678,"Tahoe, California",39.0968493,-120.0323507,Mar,0
95678,"Tahoe, California",39.0968493,-120.0323507,Apr,0
95678,"Tahoe, California",39.0968493,-120.0323507,May,4.27
95678,"Tahoe, California",39.0968493,-120.0323507,Jun,5.23
95678,"Tahoe, California",39.0968493,-120.0323507,Jul,5.98
95678,"Tahoe, California",39.0968493,-120.0323507,Aug,5.35
95678,"Tahoe, California",39.0968493,-120.0323507,Sep,3.16
95678,"Tahoe, California",39.0968493,-120.0323507,Oct,1.57
95678,"Tahoe, California",39.0968493,-120.0323507,Nov,0
95678,"Tahoe, California",39.0968493,-120.0323507,Dec,0
95678,"Tahoe, California",39.0968493,-120.0323507,Year,25.56
94514,"Tracy Pumping Plant, California",37.7968334,-121.5854448,Jan,1.53
94514,"Tracy Pumping Plant, California",37.7968334,-121.5854448,Feb,2.47
94514,"Tracy Pumping Plant, California",37.7968334,-121.5854448,Mar,5.3
94514,"Tracy Pumping Plant, California",37.7968334,-121.5854448,Apr,8.2
94514,"Tracy Pumping Plant, California",37.7968334,-121.5854448,May,12.01
94514,"Tracy Pumping Plant, California",37.7968334,-121.5854448,Jun,14.88
94514,"Tracy Pumping Plant, California",37.7968334,-121.5854448,Jul,16.92
94514,"Tracy Pumping Plant, California",37.7968334,-121.5854448,Aug,14.55
94514,"Tracy Pumping Plant, California",37.7968334,-121.5854448,Sep,10.64
94514,"Tracy Pumping Plant, California",37.7968334,-121.5854448,Oct,6.57
94514,"Tracy Pumping Plant, California",37.7968334,-121.5854448,Nov,2.93
94514,"Tracy Pumping Plant, California",37.7968334,-121.5854448,Dec,1.48
94514,"Tracy Pumping Plant, California",37.7968334,-121.5854448,Year,97.48
96052,"Trinity Dam Vista Point, California",40.741162,-122.8122973,Jan,0
96052,"Trinity Dam Vista Point, California",40.741162,-122.8122973,Feb,0
96052,"Trinity Dam Vista Point, California",40.741162,-122.8122973,Mar,2.83
96052,"Trinity Dam Vista Point, California",40.741162,-122.8122973,Apr,3.98
96052,"Trinity Dam Vista Point, California",40.741162,-122.8122973,May,6.56
96052,"Trinity Dam Vista Point, California",40.741162,-122.8122973,Jun,8.32
96052,"Trinity Dam Vista Point, California",40.741162,-122.8122973,Jul,10.67
96052,"Trinity Dam Vista Point, California",40.741162,-122.8122973,Aug,9.15
96052,"Trinity Dam Vista Point, California",40.741162,-122.8122973,Sep,5.97
96052,"Trinity Dam Vista Point, California",40.741162,-122.8122973,Oct,2.74
96052,"Trinity Dam Vista Point, California",40.741162,-122.8122973,Nov,0.57
96052,"Trinity Dam Vista Point, California",40.741162,-122.8122973,Dec,0.85
96052,"Trinity Dam Vista Point, California",40.741162,-122.8122973,Year,51.64
96093,"Trinity River Hatchery, California",40.7240932,-122.8013731,Jan,0.58
96093,"Trinity River Hatchery, California",40.7240932,-122.8013731,Feb,1
96093,"Trinity River Hatchery, California",40.7240932,-122.8013731,Mar,2.77
96093,"Trinity River Hatchery, California",40.7240932,-122.8013731,Apr,4.43
96093,"Trinity River Hatchery, California",40.7240932,-122.8013731,May,6.78
96093,"Trinity River Hatchery, California",40.7240932,-122.8013731,Jun,8.32
96093,"Trinity River Hatchery, California",40.7240932,-122.8013731,Jul,9.71
96093,"Trinity River Hatchery, California",40.7240932,-122.8013731,Aug,8.91
96093,"Trinity River Hatchery, California",40.7240932,-122.8013731,Sep,6.15
96093,"Trinity River Hatchery, California",40.7240932,-122.8013731,Oct,3.2
96093,"Trinity River Hatchery, California",40.7240932,-122.8013731,Nov,0.99
96093,"Trinity River Hatchery, California",40.7240932,-122.8013731,Dec,0.51
96093,"Trinity River Hatchery, California",40.7240932,-122.8013731,Year,53.35
96134,"Tulelake, California",41.9559884,-121.4774916,Jan,0
96134,"Tulelake, California",41.9559884,-121.4774916,Feb,0
96134,"Tulelake, California",41.9559884,-121.4774916,Mar,0
96134,"Tulelake, California",41.9559884,-121.4774916,Apr,4.56
96134,"Tulelake, California",41.9559884,-121.4774916,May,7.55
96134,"Tulelake, California",41.9559884,-121.4774916,Jun,8.39
96134,"Tulelake, California",41.9559884,-121.4774916,Jul,9.52
96134,"Tulelake, California",41.9559884,-121.4774916,Aug,8.53
96134,"Tulelake, California",41.9559884,-121.4774916,Sep,6.8
96134,"Tulelake, California",41.9559884,-121.4774916,Oct,3.49
96134,"Tulelake, California",41.9559884,-121.4774916,Nov,0
96134,"Tulelake, California",41.9559884,-121.4774916,Dec,0
96134,"Tulelake, California",41.9559884,-121.4774916,Year,48.84
96051,"Turntable Creek, California",36.778261,-119.4179324,Jan,1.98
96051,"Turntable Creek, California",36.778261,-119.4179324,Feb,2.6
96051,"Turntable Creek, California",36.778261,-119.4179324,Mar,3.76
96051,"Turntable Creek, California",36.778261,-119.4179324,Apr,5.25
96051,"Turntable Creek, California",36.778261,-119.4179324,May,6.32
96051,"Turntable Creek, California",36.778261,-119.4179324,Jun,8.29
96051,"Turntable Creek, California",36.778261,-119.4179324,Jul,10.23
96051,"Turntable Creek, California",36.778261,-119.4179324,Aug,9.9
96051,"Turntable Creek, California",36.778261,-119.4179324,Sep,8.35
96051,"Turntable Creek, California",36.778261,-119.4179324,Oct,5.71
96051,"Turntable Creek, California",36.778261,-119.4179324,Nov,3.08
96051,"Turntable Creek, California",36.778261,-119.4179324,Dec,2.37
96051,"Turntable Creek, California",36.778261,-119.4179324,Year,67.84
93454,"Twitchell Dam, California",34.9987812,-120.3327211,Jan,3.08
93454,"Twitchell Dam, California",34.9987812,-120.3327211,Feb,3.33
93454,"Twitchell Dam, California",34.9987812,-120.3327211,Mar,4.47
93454,"Twitchell Dam, California",34.9987812,-120.3327211,Apr,5.89
93454,"Twitchell Dam, California",34.9987812,-120.3327211,May,7.36
93454,"Twitchell Dam, California",34.9987812,-120.3327211,Jun,8.15
93454,"Twitchell Dam, California",34.9987812,-120.3327211,Jul,9.22
93454,"Twitchell Dam, California",34.9987812,-120.3327211,Aug,8.69
93454,"Twitchell Dam, California",34.9987812,-120.3327211,Sep,7.42
93454,"Twitchell Dam, California",34.9987812,-120.3327211,Oct,5.92
93454,"Twitchell Dam, California",34.9987812,-120.3327211,Nov,4.07
93454,"Twitchell Dam, California",34.9987812,-120.3327211,Dec,3.14
93454,"Twitchell Dam, California",34.9987812,-120.3327211,Year,70.74
95758,"Walnut Grove, California",38.2421371,-121.5116197,Jan,1.53
95758,"Walnut Grove, California",38.2421371,-121.5116197,Feb,2.9
95758,"Walnut Grove, California",38.2421371,-121.5116197,Mar,4.74
95758,"Walnut Grove, California",38.2421371,-121.5116197,Apr,5.73
95758,"Walnut Grove, California",38.2421371,-121.5116197,May,7.76
95758,"Walnut Grove, California",38.2421371,-121.5116197,Jun,10.04
95758,"Walnut Grove, California",38.2421371,-121.5116197,Jul,10.22
95758,"Walnut Grove, California",38.2421371,-121.5116197,Aug,8.81
95758,"Walnut Grove, California",38.2421371,-121.5116197,Sep,6.4
95758,"Walnut Grove, California",38.2421371,-121.5116197,Oct,3.6
95758,"Walnut Grove, California",38.2421371,-121.5116197,Nov,2.1
95758,"Walnut Grove, California",38.2421371,-121.5116197,Dec,1.32
95758,"Walnut Grove, California",38.2421371,-121.5116197,Year,65.15
95425,"Warm Springs Dam, California",38.759642,-123.0915605,Jan,1.17
95425,"Warm Springs Dam, California",38.759642,-123.0915605,Feb,1.83
95425,"Warm Springs Dam, California",38.759642,-123.0915605,Mar,3.23
95425,"Warm Springs Dam, California",38.759642,-123.0915605,Apr,5.37
95425,"Warm Springs Dam, California",38.759642,-123.0915605,May,7.83
95425,"Warm Springs Dam, California",38.759642,-123.0915605,Jun,9.33
95425,"Warm Springs Dam, California",38.759642,-123.0915605,Jul,10.04
95425,"Warm Springs Dam, California",38.759642,-123.0915605,Aug,8.49
95425,"Warm Springs Dam, California",38.759642,-123.0915605,Sep,6.58
95425,"Warm Springs Dam, California",38.759642,-123.0915605,Oct,4.59
95425,"Warm Springs Dam, California",38.759642,-123.0915605,Nov,2.1
95425,"Warm Springs Dam, California",38.759642,-123.0915605,Dec,1.17
95425,"Warm Springs Dam, California",38.759642,-123.0915605,Year,61.73
96033,"Whiskeytown Reservoir, California",40.657303,-122.4515991,Jan,0.87
96033,"Whiskeytown Reservoir, California",40.657303,-122.4515991,Feb,1.23
96033,"Whiskeytown Reservoir, California",40.657303,-122.4515991,Mar,2.51
96033,"Whiskeytown Reservoir, California",40.657303,-122.4515991,Apr,4.05
96033,"Whiskeytown Reservoir, California",40.657303,-122.4515991,May,6.41
96033,"Whiskeytown Reservoir, California",40.657303,-122.4515991,Jun,8.05
96033,"Whiskeytown Reservoir, California",40.657303,-122.4515991,Jul,10.04
96033,"Whiskeytown Reservoir, California",40.657303,-122.4515991,Aug,8.8
96033,"Whiskeytown Reservoir, California",40.657303,-122.4515991,Sep,6.25
96033,"Whiskeytown Reservoir, California",40.657303,-122.4515991,Oct,3.4
96033,"Whiskeytown Reservoir, California",40.657303,-122.4515991,Nov,1.14
96033,"Whiskeytown Reservoir, California",40.657303,-122.4515991,Dec,0.78
96033,"Whiskeytown Reservoir, California",40.657303,-122.4515991,Year,53.53
95573,"Willow Creek 1 Nw, California",40.9395774,-123.6314412,Jan,0.58
95573,"Willow Creek 1 Nw, California",40.9395774,-123.6314412,Feb,1.35
95573,"Willow Creek 1 Nw, California",40.9395774,-123.6314412,Mar,1.81
95573,"Willow Creek 1 Nw, California",40.9395774,-123.6314412,Apr,2.74
95573,"Willow Creek 1 Nw, California",40.9395774,-123.6314412,May,4.73
95573,"Willow Creek 1 Nw, California",40.9395774,-123.6314412,Jun,6.5
95573,"Willow Creek 1 Nw, California",40.9395774,-123.6314412,Jul,7.53
95573,"Willow Creek 1 Nw, California",40.9395774,-123.6314412,Aug,6.05
95573,"Willow Creek 1 Nw, California",40.9395774,-123.6314412,Sep,3.79
95573,"Willow Creek 1 Nw, California",40.9395774,-123.6314412,Oct,1.94
95573,"Willow Creek 1 Nw, California",40.9395774,-123.6314412,Nov,0.75
95573,"Willow Creek 1 Nw, California",40.9395774,-123.6314412,Dec,0.92
95573,"Willow Creek 1 Nw, California",40.9395774,-123.6314412,Year,38.69